{"name":"0dc5cd76-93d2-4a56-836d-f58bc0a7b039","id":"/providers/Microsoft.Flow/flows/0dc5cd76-93d2-4a56-836d-f58bc0a7b039","type":"Microsoft.Flow/flows","properties":{"apiId":"/providers/Microsoft.PowerApps/apis/shared_logicflows","displayName":"Backup Power BI File Example","definition":{"metadata":{"workflowEntityId":null,"processAdvisorMetadata":null,"flowclientsuspensionreason":"None","flowclientsuspensiontime":null,"creator":{"id":"288a6513-8516-4dc9-a790-3706510efd7e","type":"User","tenantId":"e704d214-b5b5-4799-af96-61fa2730c289"},"provisioningMethod":"FromDefinition","failureAlertSubscription":true,"clientLastModifiedTime":"2021-10-29T02:40:29.119794Z"},"$schema":"https://schema.management.azure.com/providers/Microsoft.Logic/schemas/2016-06-01/workflowdefinition.json#","contentVersion":"1.0.0.0","parameters":{"$connections":{"defaultValue":{},"type":"Object"},"$authentication":{"defaultValue":{},"type":"SecureObject"}},"triggers":{"manual":{"type":"Request","kind":"Button","inputs":{"schema":{"type":"object","properties":{},"required":[]}}}},"actions":{"Get_Report":{"runAfter":{"Set_Report_ID":["Succeeded"]},"type":"OpenApiConnection","inputs":{"host":{"apiId":"/providers/Microsoft.PowerApps/apis/shared_power-20bi-20custom-20connector-20-2d-20dataops-3f8884286ed43de0","connectionName":"shared_power-20bi-20custom-20connector-20-2d-20dataops-3f8884286ed43de0","operationId":"Report_GetReport"},"parameters":{"groupId":"@variables('Group ID')","reportId":"@variables('Report ID')"},"authentication":{"value":"@json(decodeBase64(triggerOutputs().headers['X-MS-APIM-Tokens']))['$ConnectionKey']","type":"Raw"}}},"Set_SharePoint_Site":{"runAfter":{},"type":"InitializeVariable","inputs":{"variables":[{"name":"SharePoint Site","type":"string","value":"https://kerski.sharepoint.com/"}]}},"Set_Relative_File_Path":{"runAfter":{"Set_SharePoint_Site":["Succeeded"]},"type":"InitializeVariable","inputs":{"variables":[{"name":"File Path","type":"string","value":"Shared%20Documents"}]}},"Set_Group_ID":{"runAfter":{"Set_Relative_File_Path":["Succeeded"]},"type":"InitializeVariable","inputs":{"variables":[{"name":"Group ID","type":"string","value":"8316b23b-6af6-47f4-b55d-c4e102c96d3f"}]}},"Set_Report_ID":{"runAfter":{"Set_Group_ID":["Succeeded"]},"type":"InitializeVariable","inputs":{"variables":[{"name":"Report ID","type":"string","value":"70ea12e6-824c-467a-bd21-629e2ff70ed1"}]}},"Parse_Report_Info":{"runAfter":{"Get_Report":["Succeeded"]},"type":"ParseJson","inputs":{"content":"@outputs('Get_Report')?['body']","schema":{"type":"object","properties":{"@@odata.context":{"type":"string"},"id":{"type":"string"},"reportType":{"type":"string"},"name":{"type":"string"},"webUrl":{"type":"string"},"embedUrl":{"type":"string"},"isFromPbix":{"type":"boolean"},"isOwnedByMe":{"type":"boolean"},"datasetId":{"type":"string"},"datasetWorkspaceId":{"type":"string"},"users":{"type":"array"}}}}},"Export_Report":{"runAfter":{"Parse_Report_Info":["Succeeded"]},"type":"OpenApiConnection","inputs":{"host":{"apiId":"/providers/Microsoft.PowerApps/apis/shared_power-20bi-20custom-20connector-20-2d-20dataops-3f8884286ed43de0","connectionName":"shared_power-20bi-20custom-20connector-20-2d-20dataops-3f8884286ed43de0","operationId":"Report_ExportReport"},"parameters":{"groupId":"@variables('Group ID')","reportId":"@variables('Report ID')"},"authentication":{"value":"@json(decodeBase64(triggerOutputs().headers['X-MS-APIM-Tokens']))['$ConnectionKey']","type":"Raw"}}},"Upload_File":{"runAfter":{"Export_Report":["Succeeded"]},"type":"OpenApiConnection","inputs":{"host":{"apiId":"/providers/Microsoft.PowerApps/apis/shared_sharepointonline","connectionName":"shared_sharepointonline","operationId":"HttpRequest"},"parameters":{"dataset":"@variables('SharePoint Site')","parameters/method":"POST","parameters/uri":"_api/Web/GetFolderByServerRelativeUrl('@{variables('File Path')}')/Files/add(url='@{body('Parse_Report_Info')?['name']}.pbix',overwrite=true)')","parameters/body":"@outputs('Export_Report')?['body']"},"authentication":{"value":"@json(decodeBase64(triggerOutputs().headers['X-MS-APIM-Tokens']))['$ConnectionKey']","type":"Raw"}}}}},"connectionReferences":{"shared_power-20bi-20custom-20connector-20-2d-20dataops-3f8884286ed43de0":{"connectionName":"shared-power-20bi-20-99c8b19c-7259-46ee-aa52-db67-161c8782","source":"Invoker","id":"/providers/Microsoft.PowerApps/apis/shared_power-20bi-20custom-20connector-20-2d-20dataops-3f8884286ed43de0","tier":"NotSpecified"},"shared_sharepointonline":{"connectionName":"shared-sharepointonl-2a9c3369-1230-44cf-a0d2-c3d6-4414ba3b","source":"Invoker","id":"/providers/Microsoft.PowerApps/apis/shared_sharepointonline","tier":"NotSpecified"}},"flowFailureAlertSubscribed":false}}