{"name":"f406edc0-21ea-42ac-a8e8-2ecb40a9b676","id":"/providers/Microsoft.Flow/flows/f406edc0-21ea-42ac-a8e8-2ecb40a9b676","type":"Microsoft.Flow/flows","properties":{"apiId":"/providers/Microsoft.PowerApps/apis/shared_logicflows","displayName":"Power BI Refresh Template","definition":{"metadata":{"workflowEntityId":null,"processAdvisorMetadata":null,"flowclientsuspensionreason":"None","flowclientsuspensiontime":null,"creator":{"id":"288a6513-8516-4dc9-a790-3706510efd7e","type":"User","tenantId":"e704d214-b5b5-4799-af96-61fa2730c289"},"provisioningMethod":"FromDefinition","failureAlertSubscription":true,"clientLastModifiedTime":"2022-04-06T03:15:08.3842792Z"},"$schema":"https://schema.management.azure.com/providers/Microsoft.Logic/schemas/2016-06-01/workflowdefinition.json#","contentVersion":"1.0.0.0","parameters":{"$connections":{"defaultValue":{},"type":"Object"},"$authentication":{"defaultValue":{},"type":"SecureObject"}},"triggers":{"manual":{"metadata":{"operationMetadataId":"8d5ffed0-3171-46bc-97d2-78e83af383b7"},"type":"Request","kind":"Button","inputs":{"schema":{"type":"object","properties":{},"required":[]}}}},"actions":{"Odata_8":{"runAfter":{"V1_Multi":["Succeeded"]},"metadata":{"operationMetadataId":"0bbc37c1-6df4-4b74-81de-f8c8da99f2a0"},"type":"OpenApiConnection","inputs":{"host":{"apiId":"/providers/Microsoft.PowerApps/apis/shared_powerbi","connectionName":"shared_powerbi","operationId":"RefreshDataset"},"parameters":{"groupid":"a4d53dd5-1f63-41de-a448-52f6064b9853","datasetid":"3d4652e6-28e9-4707-b425-d127e141cb14"},"authentication":{"value":"@json(decodeBase64(triggerOutputs().headers['X-MS-APIM-Tokens']))['$ConnectionKey']","type":"Raw"}}},"V2_16":{"runAfter":{"V2_8":["Succeeded"]},"metadata":{"operationMetadataId":"425e8809-5a34-4720-8137-f413cb6deeed"},"type":"OpenApiConnection","inputs":{"host":{"apiId":"/providers/Microsoft.PowerApps/apis/shared_powerbi","connectionName":"shared_powerbi","operationId":"RefreshDataset"},"parameters":{"groupid":"a4d53dd5-1f63-41de-a448-52f6064b9853","datasetid":"df9ee596-e035-41fe-a37f-00665062566f"},"authentication":{"value":"@json(decodeBase64(triggerOutputs().headers['X-MS-APIM-Tokens']))['$ConnectionKey']","type":"Raw"}}},"V2_Multi":{"runAfter":{"V2_16":["Succeeded"]},"metadata":{"operationMetadataId":"ca5be1a6-520f-44dc-9203-f8a2309854db"},"type":"OpenApiConnection","inputs":{"host":{"apiId":"/providers/Microsoft.PowerApps/apis/shared_powerbi","connectionName":"shared_powerbi","operationId":"RefreshDataset"},"parameters":{"groupid":"a4d53dd5-1f63-41de-a448-52f6064b9853","datasetid":"91dc0d76-f71e-4d4c-8785-34d9bdc2bc25"},"authentication":{"value":"@json(decodeBase64(triggerOutputs().headers['X-MS-APIM-Tokens']))['$ConnectionKey']","type":"Raw"}}},"Bespoke_Multi":{"runAfter":{"Bespoke_16":["Succeeded"]},"metadata":{"operationMetadataId":"ca5be1a6-520f-44dc-9203-f8a2309854db"},"type":"OpenApiConnection","inputs":{"host":{"apiId":"/providers/Microsoft.PowerApps/apis/shared_powerbi","connectionName":"shared_powerbi","operationId":"RefreshDataset"},"parameters":{"groupid":"a4d53dd5-1f63-41de-a448-52f6064b9853","datasetid":"88e04621-3382-4645-88d6-fc6ecfd8b1ce"},"authentication":{"value":"@json(decodeBase64(triggerOutputs().headers['X-MS-APIM-Tokens']))['$ConnectionKey']","type":"Raw"}}},"V1_Multi":{"runAfter":{"V1_16":["Succeeded"]},"metadata":{"operationMetadataId":"ca5be1a6-520f-44dc-9203-f8a2309854db"},"type":"OpenApiConnection","inputs":{"host":{"apiId":"/providers/Microsoft.PowerApps/apis/shared_powerbi","connectionName":"shared_powerbi","operationId":"RefreshDataset"},"parameters":{"groupid":"a4d53dd5-1f63-41de-a448-52f6064b9853","datasetid":"6bc88127-9e2c-41da-8463-c3ebc949ba9a"},"authentication":{"value":"@json(decodeBase64(triggerOutputs().headers['X-MS-APIM-Tokens']))['$ConnectionKey']","type":"Raw"}}},"V1_8":{"runAfter":{},"metadata":{"operationMetadataId":"ca5be1a6-520f-44dc-9203-f8a2309854db"},"type":"OpenApiConnection","inputs":{"host":{"apiId":"/providers/Microsoft.PowerApps/apis/shared_powerbi","connectionName":"shared_powerbi","operationId":"RefreshDataset"},"parameters":{"groupid":"a4d53dd5-1f63-41de-a448-52f6064b9853","datasetid":"e178af79-13db-42b3-9b77-4ed234aba166"},"authentication":{"value":"@json(decodeBase64(triggerOutputs().headers['X-MS-APIM-Tokens']))['$ConnectionKey']","type":"Raw"}}},"V1_16":{"runAfter":{"V1_8":["Succeeded"]},"metadata":{"operationMetadataId":"e6c190fa-2c89-4b96-a1c2-7e5c9b3a0653"},"type":"OpenApiConnection","inputs":{"host":{"apiId":"/providers/Microsoft.PowerApps/apis/shared_powerbi","connectionName":"shared_powerbi","operationId":"RefreshDataset"},"parameters":{"groupid":"a4d53dd5-1f63-41de-a448-52f6064b9853","datasetid":"7af250f5-277f-452e-95e8-27af0a288ef4"},"authentication":{"value":"@json(decodeBase64(triggerOutputs().headers['X-MS-APIM-Tokens']))['$ConnectionKey']","type":"Raw"}}},"Odata_16":{"runAfter":{"Odata_8":["Succeeded"]},"metadata":{"operationMetadataId":"7e9c6bd5-681f-41e6-8b2c-9fb38d8e5849"},"type":"OpenApiConnection","inputs":{"host":{"apiId":"/providers/Microsoft.PowerApps/apis/shared_powerbi","connectionName":"shared_powerbi","operationId":"RefreshDataset"},"parameters":{"groupid":"a4d53dd5-1f63-41de-a448-52f6064b9853","datasetid":"961814fb-7366-490c-9013-28ffa35596e5"},"authentication":{"value":"@json(decodeBase64(triggerOutputs().headers['X-MS-APIM-Tokens']))['$ConnectionKey']","type":"Raw"}}},"Odata_Multi":{"runAfter":{"Odata_16":["Succeeded"]},"metadata":{"operationMetadataId":"ca5be1a6-520f-44dc-9203-f8a2309854db"},"type":"OpenApiConnection","inputs":{"host":{"apiId":"/providers/Microsoft.PowerApps/apis/shared_powerbi","connectionName":"shared_powerbi","operationId":"RefreshDataset"},"parameters":{"groupid":"a4d53dd5-1f63-41de-a448-52f6064b9853","datasetid":"533404b6-1e2b-4ca7-8e66-c31ba9054c67"},"authentication":{"value":"@json(decodeBase64(triggerOutputs().headers['X-MS-APIM-Tokens']))['$ConnectionKey']","type":"Raw"}}},"V2_8":{"runAfter":{"Odata_Multi":["Succeeded"]},"metadata":{"operationMetadataId":"446d8c3a-0358-4d40-8c0e-fec7f3a2631e"},"type":"OpenApiConnection","inputs":{"host":{"apiId":"/providers/Microsoft.PowerApps/apis/shared_powerbi","connectionName":"shared_powerbi","operationId":"RefreshDataset"},"parameters":{"groupid":"a4d53dd5-1f63-41de-a448-52f6064b9853","datasetid":"c6b1b1b6-3b3e-4a4d-94dd-da9d8dc26c19"},"authentication":{"value":"@json(decodeBase64(triggerOutputs().headers['X-MS-APIM-Tokens']))['$ConnectionKey']","type":"Raw"}}},"Bespoke_8":{"runAfter":{"V2_Multi":["Succeeded"]},"metadata":{"operationMetadataId":"609ef153-0686-4810-a718-307d5aaa936a"},"type":"OpenApiConnection","inputs":{"host":{"apiId":"/providers/Microsoft.PowerApps/apis/shared_powerbi","connectionName":"shared_powerbi","operationId":"RefreshDataset"},"parameters":{"groupid":"a4d53dd5-1f63-41de-a448-52f6064b9853","datasetid":"838aae5c-6a29-404e-bf0d-21b03b10bef2"},"authentication":{"value":"@json(decodeBase64(triggerOutputs().headers['X-MS-APIM-Tokens']))['$ConnectionKey']","type":"Raw"}}},"Bespoke_16":{"runAfter":{"Bespoke_8":["Succeeded"]},"metadata":{"operationMetadataId":"58d37e2b-b765-4ac5-8b2e-2d124cbe0763"},"type":"OpenApiConnection","inputs":{"host":{"apiId":"/providers/Microsoft.PowerApps/apis/shared_powerbi","connectionName":"shared_powerbi","operationId":"RefreshDataset"},"parameters":{"groupid":"a4d53dd5-1f63-41de-a448-52f6064b9853","datasetid":"22cc8605-520a-4ed8-91b8-2e0ef0767f9f"},"authentication":{"value":"@json(decodeBase64(triggerOutputs().headers['X-MS-APIM-Tokens']))['$ConnectionKey']","type":"Raw"}}}},"description":"Template for Refreshing Power BI files used in Part 17 of Bringing DataOps to Power BI."},"connectionReferences":{"shared_powerbi":{"connectionName":"shared-powerbi-5dc41261-5830-4483-bc5f-e31b98edb05c","source":"Invoker","id":"/providers/Microsoft.PowerApps/apis/shared_powerbi","tier":"NotSpecified"}},"flowFailureAlertSubscribed":false}}